skill_id,original_title,original_inputs,original_data_logic,original_analysis_summary,retained_special_modules,method_guard
voc-01-cross-channel,跨渠道VOC桌面研究,缺关键项先问再采。 - 品牌/品类/产品关键词 - 时间范围（默认近12个月） - 渠道选择（电商/社媒/论坛/评测，默认全渠道） - 竞品范围（可选）,按 [_shared/data-sources.md](_shared/data-sources.md) 执行（L1 实时 → L2 搜库）。禁止云听。 L1：电商评论/商详（Temu/TikTok 走 ecommerce_data_task；国内站 search_templates）+ 社媒模板。L2：电商域名 + 小红书/抖音/微博/论坛/评测站搜库。至少覆盖 2 类渠道，缺的渠道写「无数据」。, Task Progress: - [ ] 首页逐题回答上方 4 个标准问题，标注每题的证据等级 - [ ] 按渠道整理：各渠道主要说什么（列原话） - [ ] 找出一致的发现和有冲突的发现，说明冲突原因 - [ ] 整理好评集中点、差评集中点、用户主动许愿的功能/体验 - [ ] 专属分析表：渠道对照表（每条渠道 × 说了什么 × 能不能信） - [ ] 写清楚哪些答案数据充分，哪些还不确定 ,渠道对照表；好评·差评·未满足对照；单渠道误判示例,不判断“哪个渠道绝对更准确”，而做渠道互证与偏差分析；WebSearch二手引用不能冒充指定平台原始内容。
voc-02-social-insight,社媒用户深度洞察,缺关键项先问再采。 - 产品/话题关键词 - 平台选择（小红书/抖音/微博/B站，默认小红书+抖音） - 时间范围 - 内容类型（笔记/视频/评论）,按 [_shared/data-sources.md](_shared/data-sources.md) 执行（L1 实时 → L2 搜库）。禁止云听。 L1：小红书/抖音/微博/B 站 search_templates。L2：include=xiaohongshu.com|douyin.com|weibo.com|bilibili.com。要分群卡片/市场规模时改派 voc-10-persona。," Task Progress: - [ ] 首页逐题回答上方 4 个标准问题，标注每题的证据等级 - [ ] 按「谁在说」拆分，不按金句声量排列 - [ ] 每群必须有：对应原话 + 条数 + 场景描述 + 在意的 SKU/价格 - [ ] 专属分析表：人群对照表（每群 × 场景 × 在意什么 × 不在意什么） - [ ] 找出被同一句话""收在一起""但实际需求不同的群体 - [ ] 写清楚哪些分群有充分原话支撑，哪些还只是倾向 ",人群对照表；同款产品不同人购买逻辑对比；犹豫与放弃原因,社媒评论不是 Amazon Review；只做有证据支持的行为/场景/需求分群，不从弱公开证据推断年龄、收入等人口属性。
voc-03-dissatisfaction,用户不满场景深度洞察,缺关键项先问再采。 - 产品/品类 - 负面关键词或问题方向 - 场景维度（使用前/中/后） - 时间范围,按 [_shared/data-sources.md](_shared/data-sources.md) 执行（L1 实时 → L2 搜库）。禁止云听。 L1：电商差评/低星评论实时（关键词含差、坏、退、后悔等）。L2：京东/天猫/淘宝 + 社媒抱怨帖。单点质量专项改派 voc-22-negative-deepdive。, Task Progress: - [ ] 负面反馈筛选 - [ ] 使用场景标注 - [ ] 痛点分级（频率×严重度） - [ ] 根因追溯（5Why） - [ ] 痛点矩阵构建 - [ ] 改进优先级排序 - [ ] 复制 `_shared/report-skeleton.html`，按三部分结构（①问题列表 → ②结论一览 → Q1~Q4 逐题拆解）填写，并加入本 Skill 专属深度分析章节 - [ ] 质检：量化有分母、原声可回溯、搜库已标注 ,场景化痛点矩阵；TOP痛点深度拆解；典型原声；改进优先级,5Why只能输出证据支持的根因假设；技术根因需质量、售后或工程数据验证；Amazon洞察不扩展成全市场事实。
voc-04-survey,问卷数据VOC深度分析,缺关键项先问再采。 - 问卷数据文件（Excel/CSV） - 分析维度（人口属性/使用行为/态度） - 目标变量（满意度/NPS/购买意愿） - 分群标准 缺主文件时先向用户要，不要用搜库冒充主结论。,按 [_shared/data-sources.md](_shared/data-sources.md) 执行（L1 实时 → L2 搜库）。禁止云听。 主数据必须是用户上传的 Excel/CSV。八爪鱼采不到客户私有问卷。可用 L2 搜库补公开讨论作附录，不得冒充问卷结论。, Task Progress: - [ ] 数据清洗与有效性校验 - [ ] 描述统计 - [ ] 交叉分析与显著性检验 - [ ] 关键驱动因子回归（样本不够则改为交叉表，勿硬做回归） - [ ] 开放题文本聚类 - [ ] 用户分群画像 - [ ] 复制 `_shared/report-skeleton.html`，按三部分结构（①问题列表 → ②结论一览 → Q1~Q4 逐题拆解）填写，并加入本 Skill 专属深度分析章节 - [ ] 质检：量化有分母、原声可回溯、搜库已标注 ,样本概览；核心指标；交叉分析/显著性表；开放题主题聚类,NPS必须有对应题项；显著性检验/回归必须满足数据和样本条件；不足100时要求用户继续补问卷，禁止外部凑数。
voc-05-interview,用户访谈VOC结构化分析,缺关键项先问再采。 - 访谈文本/录音文件 - 研究目标与编码框架 - 受访者背景信息 - 关注维度（需求/痛点/动机/行为） 缺主文件时先向用户要，不要用搜库冒充主结论。,按 [_shared/data-sources.md](_shared/data-sources.md) 执行（L1 实时 → L2 搜库）。禁止云听。 主数据必须是用户上传的访谈文本或转写。录音不自动下载转写服务。L2 仅补公开讨论附录。, Task Progress: - [ ] 访谈文本转写与清洗 - [ ] 开放式编码 - [ ] 主题聚类 - [ ] 用户旅程提取 - [ ] 需求/痛点/动机标注 - [ ] 情绪曲线绘制 - [ ] 典型故事提炼 - [ ] 复制 `_shared/report-skeleton.html`，按三部分结构（①问题列表 → ②结论一览 → Q1~Q4 逐题拆解）填写，并加入本 Skill 专属深度分析章节 - [ ] 质检：量化有分母、原声可回溯、搜库已标注 ,观点聚类树；用户旅程；显性/隐性需求清单；洞察卡片,不默认承诺音频自动转写；100个语义单元不得写成100位用户；不足100证据单元时要求补主数据而非外部凑数。
voc-06-innovation,创新机会捕捉,缺关键项先问再采。 - 品类/产品 - VOC数据源（默认八爪鱼全渠道） - 创新维度（功能/体验/形态/场景） - 目标人群（可选）,按 [_shared/data-sources.md](_shared/data-sources.md) 执行（L1 实时 → L2 搜库）。禁止云听。 L1：电商评论 + 社媒模板，检索希望/要是/为什么没有/自己改。L2：社媒许愿/求功能讨论。, Task Progress: - [ ] 需求表达提取（希望/要是/为什么没有） - [ ] 用户自创方案识别 - [ ] 未满足需求聚类 - [ ] 机会价值评估（频率×迫切度） - [ ] 可行性初判 - [ ] 机会优先级矩阵 - [ ] 复制 `_shared/report-skeleton.html`，按三部分结构（①问题列表 → ②结论一览 → Q1~Q4 逐题拆解）填写，并加入本 Skill 专属深度分析章节 - [ ] 质检：量化有分母、原声可回溯、搜库已标注 ,机会优先级矩阵；用户证据；自创替代方案；概念方向建议,VOC只能判断需求证据与用户可取性；技术、成本、供应链和商业可行性必须标为待验证。
voc-07-hit-product,爆品成功要素拆解,缺关键项先问再采。 - 爆款产品名称/链接 - 对比基准（品类平均/直接竞品） - 分析维度 - 时间范围（上市至今）,按 [_shared/data-sources.md](_shared/data-sources.md) 执行（L1 实时 → L2 搜库）。禁止云听。 L1：爆款商品评论+商详实时；有竞品则并行采。L2：评测站+社媒种草。星级分布只来自实时样本。, Task Progress: - [ ] 爆品VOC采集 - [ ] 成功要素提取（功能/体验/设计/价格/营销） - [ ] 用户认可点量化 - [ ] 差异化优势识别 - [ ] 成功路径还原 - [ ] 可复用经验提炼 - [ ] 复制 `_shared/report-skeleton.html`，按三部分结构（①问题列表 → ②结论一览 → Q1~Q4 逐题拆解）填写，并加入本 Skill 专属深度分析章节 - [ ] 质检：量化有分母、原声可回溯、搜库已标注 ,用户感知要素拆解；高频赞誉点；差异化优势；可复用经验；风险提示,Amazon评论只能解释Amazon用户感知，不能单独证明整体销量成功的因果路径。
voc-08-trend,品类趋势与前瞻性洞察,缺关键项先问再采。 - 品类/技术领域 - 时间跨度（建议24个月以上） - 趋势维度（功能/技术/场景/人群） - 关注的技术关键词,按 [_shared/data-sources.md](_shared/data-sources.md) 执行（L1 实时 → L2 搜库）。禁止云听。 L1：按年/季拆关键词采集（能分时间最好）。L2：分年搜库对比提及变化；freshness 用日期区间或 noLimit 后按发布时间切。预测必须标「基于公开声量外推」。, Task Progress: - [ ] 历史VOC按时间切片 - [ ] 关键词趋势追踪 - [ ] 新技术/新概念提及度变化 - [ ] 用户态度演变分析 - [ ] 新兴需求信号识别 - [ ] 趋势外推与预测 - [ ] 复制 `_shared/report-skeleton.html`，按三部分结构（①问题列表 → ②结论一览 → Q1~Q4 逐题拆解）填写，并加入本 Skill 专属深度分析章节 - [ ] 质检：量化有分母、原声可回溯、搜库已标注 ,需求趋势；技术接受度变化；新兴需求信号；前瞻情景,时间窗口来源口径必须尽量一致；未来1–3年只能写趋势外推/情景，不写确定预测。
voc-09-golden-params,产品黄金参数定义,缺关键项先问再采。 - 产品品类 - 参数维度清单（容量/功率/尺寸/材质等） - 竞品范围 - 目标价格带,按 [_shared/data-sources.md](_shared/data-sources.md) 执行（L1 实时 → L2 搜库）。禁止云听。 L1：评论+商详实时，抽取参数词与好评/差评共现。L2：参数评测/对比文搜库。, Task Progress: - [ ] 参数维度提取 - [ ] 用户关注度统计 - [ ] 参数敏感度分析（好评/差评关联） - [ ] 竞品参数对比 - [ ] 最优配置组合建模 - [ ] 价格-参数匹配度分析 - [ ] 复制 `_shared/report-skeleton.html`，按三部分结构（①问题列表 → ②结论一览 → Q1~Q4 逐题拆解）填写，并加入本 Skill 专属深度分析章节 - [ ] 质检：量化有分母、原声可回溯、搜库已标注 ,参数关注度排序；参数-体验映射；竞品参数对标；候选组合,无多SKU参数+业务表现数据时，只称“Amazon VOC偏好参数/候选组合”，不称数学意义最优配置。
voc-10-persona,用户画像与细分市场,缺关键项先问再采。 - 产品/品类 - 画像维度（人口/行为/需求/态度） - 细分标准（需求/价值/行为） - 目标群数量（建议3-5群）,按 [_shared/data-sources.md](_shared/data-sources.md) 执行（L1 实时 → L2 搜库）。禁止云听。 L1：社媒+电商评论。L2：社媒笔记/视频摘要补身份与场景。只要社媒情绪/KOL、不要分群卡片时改派 voc-02-social-insight。规模估算若无分母，只写相对占比并说明。, Task Progress: - [ ] 用户特征提取（人口/行为/心理） - [ ] 需求态度维度构建 - [ ] 聚类分群 - [ ] 各群画像描绘 - [ ] 群体规模估算 - [ ] 需求差异对比 - [ ] 触达策略建议 - [ ] 复制 `_shared/report-skeleton.html`，按三部分结构（①问题列表 → ②结论一览 → Q1~Q4 逐题拆解）填写，并加入本 Skill 专属深度分析章节 - [ ] 质检：量化有分母、原声可回溯、搜库已标注 ,画像卡片；需求差异对比；核心动机/痛点；产品适配建议；触达策略,默认构建行为/场景/需求画像；不从弱公开数据推断年龄、收入等人口属性，不估算真实市场人口规模。
voc-11-jtbd,JTBD用户任务分析,缺关键项先问再采。 - 产品/使用场景 - 任务维度（功能/情感/社会） - 竞品范围（可选） - 目标人群,按 [_shared/data-sources.md](_shared/data-sources.md) 执行（L1 实时 → L2 搜库）。禁止云听。 L1：电商问答/评论+社媒使用场景。L2：使用场景/对比决策讨论。, Task Progress: - [ ] 用户任务语句提取 - [ ] 任务分类（功能/情感/社会） - [ ] 任务重要性与满意度评估 - [ ] 机会缺口识别 - [ ] 竞品任务满足度对比 - [ ] 产品功能映射 - [ ] 复制 `_shared/report-skeleton.html`，按三部分结构（①问题列表 → ②结论一览 → Q1~Q4 逐题拆解）填写，并加入本 Skill 专属深度分析章节 - [ ] 质检：量化有分母、原声可回溯、搜库已标注 ,JTBD任务清单；机会缺口排序；竞品任务覆盖；产品功能映射,没有直接量表时不伪造“重要性/满意度分数”；可用明确标注的证据强度和未满足程度代理。
voc-12-selling-point,卖点感知与传播效果分析,缺关键项先问再采。 - 产品 - 待验证卖点列表 - 传播渠道 - 时间范围（传播前后对比）,按 [_shared/data-sources.md](_shared/data-sources.md) 执行（L1 实时 → L2 搜库）。禁止云听。 L1：评论+社媒按卖点词追踪。L2：官方卖点页+用户讨论。无卖点列表则先从商品页/搜库提炼再验证。, Task Progress: - [ ] 卖点关键词追踪 - [ ] 用户感知度统计 - [ ] 理解偏差识别 - [ ] 认同度与情感分析 - [ ] 卖点-需求匹配度评估 - [ ] 传播话术优化建议 - [ ] 复制 `_shared/report-skeleton.html`，按三部分结构（①问题列表 → ②结论一览 → Q1~Q4 逐题拆解）填写，并加入本 Skill 专属深度分析章节 - [ ] 质检：量化有分母、原声可回溯、搜库已标注 ,卖点感知排序；理解偏差；卖点-需求匹配矩阵；话术优化；高潜卖点,无曝光/触达/投放数据时不能声称真实传播认知率或传播效果，只分析感知、理解和共鸣。
voc-13-seeding,社媒种草效果分析（PGC+UGC）,缺关键项先问再采。 - 产品/话题 - 平台选择 - KOL/达人范围 - 时间范围 - 转化指标（可选）,按 [_shared/data-sources.md](_shared/data-sources.md) 执行（L1 实时 → L2 搜库）。禁止云听。 L1：小红书/抖音模板，尽量区分笔记作者类型。L2：同域名搜库。无粉丝/播放字段时，互动只写搜库能见到的，不编造转化率。, Task Progress: - [ ] PGC/UGC内容区分采集 - [ ] 声量与互动对比 - [ ] 内容主题分布 - [ ] 情感倾向分析 - [ ] 转化线索识别 - [ ] KOL效果评估 - [ ] 协同效应分析 - [ ] 复制 `_shared/report-skeleton.html`，按三部分结构（①问题列表 → ②结论一览 → Q1~Q4 逐题拆解）填写，并加入本 Skill 专属深度分析章节 - [ ] 质检：量化有分母、原声可回溯、搜库已标注 ,PGC/UGC对照；内容主题矩阵；高互动内容；达人/内容互动信号（有数据才做）；内容策略,无曝光/成交数据不写转化率；无完整互动指标不做硬KOL排行榜；小红书/抖音遵守公开内容合规表达。
voc-14-positioning,产品差异化定位分析,缺关键项先问再采。 - 本品 - 竞品列表（2-5个） - 定位维度（功能/情感/价格/人群） - 目标市场,按 [_shared/data-sources.md](_shared/data-sources.md) 执行（L1 实时 → L2 搜库）。禁止云听。 L1：本品+竞品评论并行采。L2：品牌词搜库对比。缺竞品列表先问。, Task Progress: - [ ] 本品与竞品VOC采集 - [ ] 多维度感知对比 - [ ] 品牌心智地图构建 - [ ] 差异化优势识别 - [ ] 认知空白区发现 - [ ] 定位机会评估 - [ ] 传播话术提炼 - [ ] 复制 `_shared/report-skeleton.html`，按三部分结构（①问题列表 → ②结论一览 → Q1~Q4 逐题拆解）填写，并加入本 Skill 专属深度分析章节 - [ ] 质检：量化有分母、原声可回溯、搜库已标注 ,用户感知定位图；多维对比；认知空白；定位机会；主张验证方向,只能做样本内用户感知定位和认知空白分析，不声称全市场心智份额。
voc-15-event-sentiment,营销事件舆情分析,缺关键项先问再采。 - 事件名称/关键词 - 事件时间线（起始日期） - 平台选择 - 关注重点（是了解用户反应还是复盘处理效果）,按 [_shared/data-sources.md](_shared/data-sources.md) 执行（L1 实时 → L2 搜库）。禁止云听。 L1：事件关键词模板。L2：新闻+社媒域名，freshness 对齐事件窗口（oneWeek/oneMonth 或日期区间）。, Task Progress: - [ ] 首页逐题回答上方 4 个标准问题，标注每题的证据等级 - [ ] 按时间段整理：每段主要讨论什么（不只是条数） - [ ] 区分：原事件讨论 vs 因为处理方式引出的新讨论 - [ ] 整理支持/反对/中立三类声音，每类列原话 - [ ] 专属分析表：事件阶段表 + 各方立场对照表 - [ ] 明确标出：哪些数据缺失、目前推断有多大把握 ,事件阶段表；各方立场对照；原事件 vs 处理引出的新讨论,无传播链证据不画真实传播路径；声量/情感只是辅助，不得替代事件阶段和立场分析。
voc-16-cross-culture,跨国/跨文化VOC研究,缺关键项先问再采。 - 产品/品类 - 目标市场列表（2-5个国家/地区） - 文化维度（个人主义/权力距离/不确定性规避等） - 本地化关注点,按 [_shared/data-sources.md](_shared/data-sources.md) 执行（L1 实时 → L2 搜库）。禁止云听。 L1：Temu/TikTok 分 site + 海外站点模板。L2：目标市场域名搜库。每个市场单独统计，禁止混站点后当「全球」。, Task Progress: - [ ] 多市场VOC采集 - [ ] 需求差异对比 - [ ] 文化符号识别 - [ ] 使用习惯差异分析 - [ ] 审美与偏好对比 - [ ] 本地化需求清单 - [ ] 市场吸引力排序 - [ ] 复制 `_shared/report-skeleton.html`，按三部分结构（①问题列表 → ②结论一览 → Q1~Q4 逐题拆解）填写，并加入本 Skill 专属深度分析章节 - [ ] 质检：量化有分母、原声可回溯、搜库已标注 ,市场需求差异；使用习惯；文化/符号证据；本地化需求清单；进入策略假设,跨市场差异不能自动归因于文化；先排查站点、渠道、时间和样本结构差异。
voc-17-new-product-monitor,新品上市反馈实时监测,缺关键项先问再采。 - 新品名称 - 上市时间 - 监测渠道（电商/社媒/问答） - 预警阈值（差评率/声量波动，无历史则只报当期结构） - 监测频率（日/周，本 skill 单次出一版快报）,按 [_shared/data-sources.md](_shared/data-sources.md) 执行（L1 实时 → L2 搜库）。禁止云听。 L1：电商评论按时间排序。L2：上市后社媒搜库。无法真·实时轮询；单次拉取后标采集时刻。异常信号只在有足够样本时写。, Task Progress: - [ ] 多渠道采集（标采集时刻） - [ ] 声量与情感趋势（按日/周切片，样本够才做） - [ ] 异常信号识别（差评突增/新问题） - [ ] TOP问题动态排序 - [ ] 竞品同期对比（用户给了竞品才做） - [ ] 快速建议生成 - [ ] 复制 `_shared/report-skeleton.html`，按三部分结构（①问题列表 → ②结论一览 → Q1~Q4 逐题拆解）填写，并加入本 Skill 专属深度分析章节 - [ ] 质检：量化有分母、原声可回溯、搜库已标注 ,TOP问题动态榜；风险信号；竞品同期变化（有数据时）；快速行动建议,单次Skill是监测快照，不承诺后台持续实时轮询；异常判断需有足够样本和可比较基线。
voc-18-pdp-optimize,电商详情页卖点优化,缺关键项先问再采。 - 产品链接/品类 - 竞品详情页（可选） - 优化目标（转化率/客单价/收藏加购） - 当前详情页结构（用户可贴大纲或截图说明）,按 [_shared/data-sources.md](_shared/data-sources.md) 执行（L1 实时 → L2 搜库）。禁止云听。 L1：评论+商详；有问大家模板则采问答。L2：商品页+问答页搜库。转化率数字用户不提供就只给内容建议，不编造提升幅度。, Task Progress: - [ ] 评论与问大家数据采集 - [ ] 用户关注点提取 - [ ] 购买疑虑识别 - [ ] 卖点-关注点匹配度分析 - [ ] 详情页结构诊断 - [ ] 表达优化建议 - [ ] A/B测试方向 - [ ] 复制 `_shared/report-skeleton.html`，按三部分结构（①问题列表 → ②结论一览 → Q1~Q4 逐题拆解）填写，并加入本 Skill 专属深度分析章节 - [ ] 质检：量化有分母、原声可回溯、搜库已标注 ,关注点排序；购买疑虑清单；PDP内容错位；首屏/参数/评价模块建议；A/B测试方向,用户未提供PDP且无法读取页面时不能做页面结构诊断；不承诺具体转化提升幅度。
voc-19-purchase-barrier,购买障碍与转化分析,缺关键项先问再采。 - 产品 - 用户旅程阶段（认知/考虑/决策） - 障碍维度 - 竞品范围（可选） - 转化数据（可选，用于关联分析）,按 [_shared/data-sources.md](_shared/data-sources.md) 执行（L1 实时 → L2 搜库）。禁止云听。 L1：差评/犹豫评论+问答。L2：「值不值得买/对比」搜库。汽车战败/竞品抢夺改派 voc-25-auto-defeat。无转化数据时不用「放弃率」，只用提及率。, Task Progress: - [ ] 购买决策环节VOC提取 - [ ] 障碍因素分类（价格/信任/功能/竞品/服务） - [ ] 各因素影响量化 - [ ] 决策路径断点识别 - [ ] 竞品抢夺分析 - [ ] 转化提升策略生成 - [ ] 复制 `_shared/report-skeleton.html`，按三部分结构（①问题列表 → ②结论一览 → Q1~Q4 逐题拆解）填写，并加入本 Skill 专属深度分析章节 - [ ] 质检：量化有分母、原声可回溯、搜库已标注 ,障碍因素排序；决策阶段断点；竞品抢夺点；可测试的转化改善方向,已购差评不是放弃购买的直接证据；没有漏斗/转化数据时不量化真实放弃率或转化提升。
voc-20-star-rating,星级评分与口碑提升专项,缺关键项先问再采。 - 产品 - 评分数据来源（实时采集平台） - 低星定义（默认1-3星） - 改进维度（产品/服务/物流/描述） - 目标星级,按 [_shared/data-sources.md](_shared/data-sources.md) 执行（L1 实时 → L2 搜库）。禁止云听。 L1：带星级的电商评论实时。L2：差评讨论搜库仅作家数补充。星级分布/均分只来自实时样本，搜库不得充当星级。, Task Progress: - [ ] 低星评价采集 - [ ] 差评原因分类与量化 - [ ] 根因深度追溯 - [ ] 问题优先级排序（频率×影响） - [ ] 改进行动计划制定 - [ ] 预期效果估算（仅当实时样本足够） - [ ] 跟踪机制设计 - [ ] 复制 `_shared/report-skeleton.html`，按三部分结构（①问题列表 → ②结论一览 → Q1~Q4 逐题拆解）填写，并加入本 Skill 专属深度分析章节 - [ ] 质检：量化有分母、原声可回溯、搜库已标注 ,评分分布；低星问题优先级矩阵；行动计划；客服话术；前后期验证指标,评分分布/均分只能来自真实Amazon带星Review；无前后期数据不预测改善后星级；不加载无关实时/库搜能力。
voc-21-promo-risk,大促前口碑风险扫描,缺关键项先问再采。 - 产品/店铺 - 大促时间 - 风险维度（产品/物流/服务/价格/竞品） - 历史大促数据（可选） - 备货量与预期销量（可选）,按 [_shared/data-sources.md](_shared/data-sources.md) 执行（L1 实时 → L2 搜库）。禁止云听。 L1：历史差评实时。L2：往年大促舆情搜库（事件名+年份）。无历史大促样本则只做当期隐患清单，不编造往年对比。, Task Progress: - [ ] 历史差评与客诉回顾 - [ ] 高发问题识别 - [ ] 季节性/大促特有风险预判 - [ ] 库存与物流风险关联（有用户数据才写） - [ ] 竞品对比风险点 - [ ] 风险严重度评估 - [ ] 应急预案制定 - [ ] 复制 `_shared/report-skeleton.html`，按三部分结构（①问题列表 → ②结论一览 → Q1~Q4 逐题拆解）填写，并加入本 Skill 专属深度分析章节 - [ ] 质检：量化有分母、原声可回溯、搜库已标注 ,风险点清单；严重度×证据强度矩阵；高发场景预警；应急预案；客服话术,无历史大促/订单/库存业务数据时只做当前风险扫描；样本问题频率不等于真实事故概率。
voc-22-negative-deepdive,负面口碑专题深度研究,缺关键项先问再采。 - 产品 - 负面问题描述 - 研究深度（快速诊断/深度研究） - 时间范围 - 相关部门（产品/质量/售后）,按 [_shared/data-sources.md](_shared/data-sources.md) 执行（L1 实时 → L2 搜库）。禁止云听。 L1：问题关键词评论实时。L2：投诉/维权帖搜库。未指定具体问题则先用 voc-03 出痛点榜再收窄。, Task Progress: - [ ] 负面问题VOC采集 - [ ] 问题全景描绘（表现/频率/场景） - [ ] 根因深度分析（5Why/鱼骨图） - [ ] 影响范围与用户分层 - [ ] 竞品同类问题对比 - [ ] 解决方案生成与优先级 - [ ] 效果验证指标 - [ ] 复制 `_shared/report-skeleton.html`，按三部分结构（①问题列表 → ②结论一览 → Q1~Q4 逐题拆解）填写，并加入本 Skill 专属深度分析章节 - [ ] 质检：量化有分母、原声可回溯、搜库已标注 ,问题全景图；根因假设；短中长期方案；验证指标,5Why/鱼骨图形成的是证据支持的原因假设；技术根因必须由质量/工程/售后数据确认。
voc-23-competitor,竞品VOC对比分析,缺关键项先问再采。 - 本品 - 竞品列表（2-5个） - 对比维度（功能/体验/价格/服务/品牌） - 时间范围 - 细分市场（可选）,按 [_shared/data-sources.md](_shared/data-sources.md) 执行（L1 实时 → L2 搜库）。禁止云听。 L1：本品+2–5 竞品并行采，口径对齐（同时间窗、同渠道）。L2：对比评测搜库。缺竞品先问。, Task Progress: - [ ] 本品与竞品VOC并行采集 - [ ] 多维度对比矩阵构建 - [ ] 优劣势量化评分 - [ ] 用户感知差异分析 - [ ] 机会点与威胁识别 - [ ] 竞争策略生成 - [ ] 复制 `_shared/report-skeleton.html`，按三部分结构（①问题列表 → ②结论一览 → Q1~Q4 逐题拆解）填写，并加入本 Skill 专属深度分析章节 - [ ] 质检：量化有分母、原声可回溯、搜库已标注 ,多维VOC对比矩阵；优势/劣势；用户感知差异；机会与威胁；竞争策略,不能把一方Amazon Review真实统计与另一方网页摘要做精确百分比对比；不同数据层必须明确分开。
voc-24-journey-map,用户体验旅程地图,缺关键项先问再采。 - 产品/服务 - 用户旅程阶段定义（默认认知-考虑-购买-使用-售后-推荐） - 体验维度（功能/情感/服务/效率） - 目标人群 - 关键触点清单（可选）,按 [_shared/data-sources.md](_shared/data-sources.md) 执行（L1 实时 → L2 搜库）。禁止云听。 L1：购前问答+使用/售后评论。L2：全链路社媒搜库。每条原声标阶段，未标阶段的不进曲线。, Task Progress: - [ ] 用户旅程阶段划分 - [ ] 各阶段触点识别 - [ ] 体验评分与情感曲线（按阶段样本量加权，样本少则只做定性） - [ ] 痛点/亮点提取 - [ ] 体验断点定位 - [ ] 改进机会排序 - [ ] 体验设计建议 - [ ] 复制 `_shared/report-skeleton.html`，按三部分结构（①问题列表 → ②结论一览 → Q1~Q4 逐题拆解）填写，并加入本 Skill 专属深度分析章节 - [ ] 质检：量化有分母、原声可回溯、搜库已标注 ,旅程阶段表；情绪/体验证据；痛点与高光；体验断点；改进机会,这是VOC证据旅程地图，不等于真实行为漏斗；无漏斗数据时不估算真实阶段转化/流失率。
voc-25-auto-defeat,车型战败与流失分析（汽车行业专属）,缺关键项先问再采。 - 本品车型（非汽车则改为 SKU/店铺） - 竞品范围（同级别车型或竞品 SKU） - 时间范围 - 战败维度 - 数据来源偏好（论坛/社媒/经销商反馈；经销商文件需用户提供）,按 [_shared/data-sources.md](_shared/data-sources.md) 执行（L1 实时 → L2 搜库）。禁止云听。 L1：汽车论坛/社媒模板。L2：懂车帝/汽车之家/垂类论坛域名。经销商战败表属私有文件，有则并入，没有就只用公开 VOC。, Task Progress: - [ ] 战败用户VOC采集 - [ ] 战败竞品车型（或 SKU）分布 - [ ] 战败原因分级（产品/价格/品牌/服务/金融） - [ ] 各竞品战败原因差异 - [ ] 时间趋势分析（月/季/年，样本够才做） - [ ] 战败用户画像 - [ ] 可追溯原话 - [ ] 复制 `_shared/report-skeleton.html`，按三部分结构（①问题列表 → ②结论一览 → Q1~Q4 逐题拆解）填写，并加入本 Skill 专属深度分析章节 - [ ] 质检：量化有分母、原声可回溯、搜库已标注 ,真实战败 vs 公开转投信号；竞品转向分布；原因矩阵；时间趋势（样本够）；改善方向,公开论坛/社媒只能称“转投/流失信号”；只有CRM/经销商真实战败记录才能计算战败率；不使用Amazon Review作为汽车战败核心来源。
