skill_id,中文名,英文名,中文描述,英文描述,主证据单元,理论边界
voc-01-cross-channel,跨渠道 VOC 桌面研究,Cross-Channel VOC Desk Research,通过八爪鱼能力整合 Amazon Product Review、指定平台公开内容、论坛、评测和官网等多来源用户声音，进行跨渠道互证、差异、冲突与覆盖盲区分析。Amazon Review 只代表 Amazon 用户反馈。,"Integrates Amazon Product Reviews, Octoparse public-platform content, forums, review sites and public web sources to identify cross-channel consistencies, conflicts and coverage gaps while keeping source boundaries explicit.",去重后的跨渠道有效内容；n_valid≥100，且完整报告至少覆盖2类真实不同的数据来源。用户明确指定的平台属于必需覆盖项。,不判断“哪个渠道绝对更准确”，而做渠道互证与偏差分析；WebSearch二手引用不能冒充指定平台原始内容。
voc-02-social-insight,社媒用户深度洞察,Social Media User Insight,利用八爪鱼平台内容搜索能力分析小红书、抖音、微博、B站等公开社媒内容，识别行为/需求分群、使用场景、购买动机和内容偏好。社媒内容不属于 Amazon Review。,"Uses Octoparse platform content search to analyze public social content from channels such as Xiaohongshu, Douyin, Weibo and Bilibili, focusing on behavioral and needs-based segments rather than Amazon reviews.",去重后的社媒帖子、公开视频或有效社媒评论，n_valid≥100。,社媒评论不是 Amazon Review；只做有证据支持的行为/场景/需求分群，不从弱公开证据推断年龄、收入等人口属性。
voc-03-dissatisfaction,用户不满场景深度洞察,Dissatisfaction Scenario Deep Dive,以 Amazon Product Review 作为商品评论载体，并可结合八爪鱼公开平台内容，识别负面体验、不满场景、痛点强度和有证据支持的原因假设。,"Analyzes negative Amazon Product Reviews and supporting public complaint evidence to identify dissatisfaction scenarios, pain-point severity and evidence-supported cause hypotheses.",负面 Amazon Review、投诉或公开抱怨等有效负向证据，去重后 n_valid≥100；不同来源不得混成“Amazon差评”。,5Why只能输出证据支持的根因假设；技术根因需质量、售后或工程数据验证；Amazon洞察不扩展成全市场事实。
voc-04-survey,问卷数据 VOC 深度分析,Survey VOC Analysis,以用户上传的 Excel/CSV 问卷为唯一主样本，进行数据清洗、描述统计、交叉分析、开放题主题分析，并在条件满足时执行统计检验。八爪鱼外部数据不得替代问卷样本。,"Analyzes user-provided survey files using cleaning, descriptive statistics, subgroup comparisons and open-ended text analysis; external Octoparse data never replaces survey respondents.",1个有效受访者记录=1条；正式报告 N_valid_respondents≥100。外部公开资料不能补成问卷受访者。,NPS必须有对应题项；显著性检验/回归必须满足数据和样本条件；不足100时要求用户继续补问卷，禁止外部凑数。
voc-05-interview,用户访谈 VOC 结构化分析,User Interview VOC Analysis,以用户提供的访谈转写文本为主数据，进行编码、主题聚类、旅程提取、需求/痛点/动机分析和典型故事整理。外部公开数据不得替代访谈证据。,"Structures user-provided interview transcripts through coding, thematic analysis and journey extraction; external public data never replaces interview evidence.",1个独立可编码语义证据单元=1条；正式报告 n_evidence_units≥100，同时必须单列 N_participants。,不默认承诺音频自动转写；100个语义单元不得写成100位用户；不足100证据单元时要求补主数据而非外部凑数。
voc-06-innovation,创新机会捕捉,Innovation Opportunity Discovery,综合 Amazon Product Review、八爪鱼公开平台内容、论坛和用户已有数据，识别未满足需求、“希望能”表达和用户自创替代方案，形成待验证的创新机会池。,"Combines Amazon reviews and Octoparse public-platform evidence to identify unmet needs, wish-list requests and user-created workarounds for further innovation validation.",愿望、抱怨、自创方案、“希望能”等与创新机会直接相关的有效需求证据，n_valid≥100。,VOC只能判断需求证据与用户可取性；技术、成本、供应链和商业可行性必须标为待验证。
voc-07-hit-product,爆品成功要素拆解,Hit Product Success Factor Analysis,通过八爪鱼 Amazon 商品数据采集获取 Amazon Product Review，并结合商品页、竞品和公开评测，拆解 Amazon 用户认可的功能、体验、设计、价格和传播价值因素。,"Uses Amazon Product Reviews plus product-page, competitor and public review evidence to explain user-perceived success factors without treating review sentiment as proof of market-level sales causality.",目标商品与可比对象的有效用户反馈，n_valid≥100；若核心是商品评价，Review统一为Amazon。,Amazon评论只能解释Amazon用户感知，不能单独证明整体销量成功的因果路径。
voc-08-trend,品类趋势与前瞻性洞察,Category Trend & Foresight Analysis,结合八爪鱼平台存量搜索、实时结构化采集、Amazon Product Review 和全网公开资料，按可比时间窗口识别需求变化、技术接受度和前瞻信号。,"Combines Octoparse platform search, real-time collection, Amazon reviews and public web information across comparable time windows to identify demand shifts and foresight signals.",可按时间切片且来源口径尽量可比的历史内容，去重后 n_valid≥100，并按时间段分别列样本量。,时间窗口来源口径必须尽量一致；未来1–3年只能写趋势外推/情景，不写确定预测。
voc-09-golden-params,产品黄金参数定义,Product Parameter Optimization,以 Amazon Product Review 作为商品评论载体，结合八爪鱼采集的商品规格和公开对比资料，识别参数关注度、用户偏好区间和候选配置组合。,"Uses parameter-related Amazon Product Reviews and product specifications to identify user-preferred attributes and candidate configurations; specifications are reference data, not VOC sample units.",含明确参数信息的 Amazon Review、商品规格或有效偏好证据，n_valid≥100；Review与非Review字段分开统计。,无多SKU参数+业务表现数据时，只称“Amazon VOC偏好参数/候选组合”，不称数学意义最优配置。
voc-10-persona,用户画像与细分市场,User Persona & Market Segmentation,综合 Amazon Product Review、八爪鱼公开平台内容和用户已有数据，基于行为、场景、需求与态度证据构建可解释的用户细分群和画像。,"Builds evidence-based behavioral, scenario and needs segments using Amazon reviews, Octoparse platform content and user data, without inferring unsupported demographic attributes.",可用于行为/场景/需求分群的有效记录，去重后 n_valid≥100。,默认构建行为/场景/需求画像；不从弱公开数据推断年龄、收入等人口属性，不估算真实市场人口规模。
voc-11-jtbd,JTBD 用户任务分析,Jobs-to-be-Done Analysis,结合 Amazon Product Review、八爪鱼公开讨论和用户已有数据，从场景、目标、障碍和期望结果中识别功能、情感与社会任务。,"Uses customer expressions from Amazon reviews, public discussions and user data to identify functional, emotional and social jobs, triggering contexts and unmet outcomes.",带场景、目标、障碍或期望结果的有效用户表达，n_valid≥100。,没有直接量表时不伪造“重要性/满意度分数”；可用明确标注的证据强度和未满足程度代理。
voc-12-selling-point,卖点感知与传播效果分析,Selling Point Perception Analysis,结合 Amazon Product Review、八爪鱼公开平台内容、官方商品页面和全网公开资料，比较品牌主推卖点与用户实际感知、理解和需求匹配。,"Compares intended product claims with customer perception using Amazon reviews, Octoparse public-platform content, official product information and public web sources.",包含卖点相关表达的有效用户记录 n_valid≥100；官方页面是基准材料，不用于凑VOC样本。,无曝光/触达/投放数据时不能声称真实传播认知率或传播效果，只分析感知、理解和共鸣。
voc-13-seeding,社媒种草效果分析（PGC+UGC）,Social Seeding Content Analysis (PGC + UGC),利用八爪鱼平台内容搜索和必要的实时公开内容采集，对小红书、抖音等公开 PGC/UGC 内容主题、表达方式和互动信号进行比较；社媒内容不属于 Amazon Review。,"Uses Octoparse platform search and public social content to compare PGC and UGC themes, messaging patterns and engagement signals; social content is not Amazon Review data.",PGC/UGC公开内容及可用互动记录，去重后 n_valid≥100。,无曝光/成交数据不写转化率；无完整互动指标不做硬KOL排行榜；小红书/抖音遵守公开内容合规表达。
voc-14-positioning,产品差异化定位分析,Product Differentiation & Positioning Analysis,使用同口径 Amazon Product Review、八爪鱼公开平台内容和全网竞品资料，对比本品与竞品的用户感知差异、优势、劣势和定位空白。,"Uses comparable Amazon Product Reviews, Octoparse public-platform evidence and competitor web information to identify user-perceived differentiation and positioning whitespace.",本品与竞品口径可比的有效VOC，总 n_valid≥100；若核心比较Review，应尽量同Amazon站点/时间窗口。,只能做样本内用户感知定位和认知空白分析，不声称全市场心智份额。
voc-15-event-sentiment,营销事件舆情分析,Marketing Event Sentiment Analysis,利用八爪鱼平台内容搜索、必要的实时公开内容采集和 WorkBuddy 全网搜索，围绕明确事件起点分析事件阶段、各方立场、持续触发因素和舆情风险。,"Uses Octoparse platform search, optional real-time public collection and web information to analyze event phases, stakeholder positions, triggers and sentiment risks.",事件相关公开讨论，去重后 n_valid≥100；做时间演化必须有可用时间戳。,无传播链证据不画真实传播路径；声量/情感只是辅助，不得替代事件阶段和立场分析。
voc-16-cross-culture,跨国 / 跨文化 VOC 研究,Cross-Market & Cross-Cultural VOC Research,综合不同国家站点的 Amazon Product Review、八爪鱼当地公开平台内容和全网资料，对比各市场需求、使用场景、表达偏好和本地化差异。,"Compares market-specific Amazon reviews, Octoparse local public-platform content and public web information while separating genuine market differences from channel and sample bias.",各市场来源/时间口径尽量可比的有效内容，总 n_valid≥100，并逐市场列 n。,跨市场差异不能自动归因于文化；先排查站点、渠道、时间和样本结构差异。
voc-17-new-product-monitor,新品上市反馈监测,New Product Launch Feedback Monitoring,结合八爪鱼 Amazon 商品数据采集、实时公开内容采集、平台存量搜索和全网资料，在指定窗口形成新品上市反馈快照，识别新问题与风险信号。,"Creates a launch-window feedback snapshot using Amazon Product Reviews, Octoparse real-time/public-platform evidence and public web information to identify emerging issues and risk signals.",上市后单次监测窗口内有效反馈快照 n_valid≥100；按采集时刻和来源列明。,单次Skill是监测快照，不承诺后台持续实时轮询；异常判断需有足够样本和可比较基线。
voc-18-pdp-optimize,电商详情页卖点优化,E-commerce PDP Optimization,以 Amazon Product Review 为商品评论证据，并结合八爪鱼采集的商品页面/问答及全网竞品页面，识别Amazon用户关注点、购买疑虑和PDP内容错位。,"Uses Amazon Product Reviews as review evidence together with product-page, Q&A and competitor information to identify PDP information gaps and testable content improvements.",Amazon Review、购前问答等可编码用户证据 n_valid≥100；PDP页面本身是诊断对象，不用于凑样本。,用户未提供PDP且无法读取页面时不能做页面结构诊断；不承诺具体转化提升幅度。
voc-19-purchase-barrier,购买障碍与转化分析,Purchase Barrier & Conversion Analysis,主要利用八爪鱼平台存量搜索和全网公开资料分析购前问答、产品对比、犹豫和竞品考虑；Amazon Product Review 只能作为购买风险补充，不能证明“为什么没买”。,"Prioritizes pre-purchase questions, comparisons and hesitation signals from Octoparse platform search and public web sources; Amazon reviews are supplementary risk evidence only.",购前问答、对比、犹豫、竞品考虑等直接购前表达 n_valid≥100；已购Review不能替代购前证据。,已购差评不是放弃购买的直接证据；没有漏斗/转化数据时不量化真实放弃率或转化提升。
voc-20-star-rating,星级评分与口碑提升专项,Rating & Reputation Improvement Analysis,严格以 Amazon Product Review 作为评分和商品评论数据源，通过已上架的八爪鱼 Amazon 商品数据采集 Skill 获取真实星级与Review，分析低星原因和改善优先级。,"Strictly uses rated Amazon Product Reviews from the Octoparse Amazon data collection skill to analyze rating distribution, low-star drivers and reputation improvement priorities.",1条带真实评分字段的Amazon Product Review=1条；正式报告 n_valid≥100。,评分分布/均分只能来自真实Amazon带星Review；无前后期数据不预测改善后星级；不加载无关实时/库搜能力。
voc-21-promo-risk,大促前口碑风险扫描,Pre-Promotion Reputation Risk Scan,综合 Amazon Product Review、八爪鱼公开平台内容、全网历史讨论和用户业务数据，识别大促条件下可能被放大的口碑风险并形成应对预案。,"Combines Amazon reviews, Octoparse public content, historical web discussions and available business data to identify reputation risks that may be amplified during promotions.",历史Amazon Review、投诉、大促公开讨论等有效风险证据 n_valid≥100；不同来源分开统计。,无历史大促/订单/库存业务数据时只做当前风险扫描；样本问题频率不等于真实事故概率。
voc-22-negative-deepdive,负面口碑专题深度研究,Negative Reputation Deep Dive,围绕一个已明确的负面问题，结合 Amazon Product Review、八爪鱼平台存量内容、必要的实时采集和用户业务数据，深挖表现、场景、影响和原因假设。,"Investigates a defined negative issue using Amazon reviews, Octoparse platform content and available business evidence to characterize manifestations, impact and cause hypotheses.",指定问题相关的Amazon Review、投诉或公开证据 n_valid≥100；按来源分别标注。,5Why/鱼骨图形成的是证据支持的原因假设；技术根因必须由质量/工程/售后数据确认。
voc-23-competitor,竞品 VOC 对比分析,Competitive VOC Benchmarking,优先在同一Amazon数据口径下比较本品与2–5个竞品的 Product Review，并结合八爪鱼公开平台内容和全网评测识别用户感知优劣势、机会与威胁。,"Benchmarks products using comparable Amazon Product Reviews first, supplemented by Octoparse platform content and public competitor information, with strict sample and source comparability.",本品与竞品口径一致的可比VOC，总 n_valid≥100；Amazon Review对比尽量同站点/时间窗/评分口径。,不能把一方Amazon Review真实统计与另一方网页摘要做精确百分比对比；不同数据层必须明确分开。
voc-24-journey-map,用户体验旅程地图,Customer Experience Journey Mapping,结合 Amazon Product Review、八爪鱼公开平台内容、购前问答和用户业务数据，将用户声音映射到认知、考虑、购买、使用、售后与推荐阶段。,"Maps Amazon reviews, Octoparse public content, pre-purchase questions and user business data to customer-journey stages while avoiding unsupported funnel conversion claims.",能够明确映射到旅程阶段的有效VOC n_valid≥100；未能可靠标阶段的数据不进入阶段曲线。,这是VOC证据旅程地图，不等于真实行为漏斗；无漏斗数据时不估算真实阶段转化/流失率。
voc-25-auto-defeat,车型战败与流失分析（汽车行业专属）,Automotive Lost-Sale & Churn Analysis,通过八爪鱼汽车论坛/垂直平台公开内容、全网资料和用户提供的经销商/CRM战败数据，分析车型转投、流失和真实战败原因；不使用 Amazon Review 作为汽车战败核心数据。,"Uses automotive forums, Octoparse vertical-platform content, public web information and customer CRM/dealer lost-sale data to separate verified lost sales from public switching signals; Amazon reviews are not a core source.",真实战败记录或公开转投/流失信号 n_valid≥100；必须分别统计，只有CRM/经销商战败记录可计算真实战败率。,公开论坛/社媒只能称“转投/流失信号”；只有CRM/经销商真实战败记录才能计算战败率；不使用Amazon Review作为汽车战败核心来源。
